project,target,configuration,hash,code,status,start,end
my-utils,build,,4789059392954981701,0,success,1724971533095,1724971533758
my-app,build,,11493314977241205384,1,failure,1724971544860,1724971548865
my-utils,build,,4789059392954981701,0,success,1724971562544,1724971563211
my-app,build,,11493314977241205384,1,failure,1724971562544,1724971565378
my-utils,build,,355253246758366837,0,success,1724971822150,1724971822804
my-app,build,,16889365093014468062,1,failure,1724971822804,1724971826482
my-utils,build,,355253246758366837,0,local-cache,1724971887907,1724971887922
my-app,build,,1988849240253101654,0,success,1724971887923,1724971895014
my-utils,build,,355253246758366837,0,local-cache,1724971915948,1724971915964
my-app,build,,1988849240253101654,0,local-cache,1724971915965,1724971916017
my-utils,build,,355253246758366837,0,local-cache,1724971928388,1724971928405
my-app,build,,1988849240253101654,0,local-cache,1724971928405,1724971928459
my-utils,build,,355253246758366837,0,local-cache,1724971938013,1724971938031
my-app,build,,1988849240253101654,0,local-cache,1724971938032,1724971938089
my-utils,build,,355253246758366837,0,local-cache,1724971950453,1724971950470
my-app,build,,1988849240253101654,0,local-cache,1724971950471,1724971950527
my-utils,build,,11993158407699304635,0,success,1724971997018,1724971997650
my-app,build,,14862050763374245880,0,success,1724971997650,1724972003723
my-utils,build,,355253246758366837,0,local-cache,1724972006477,1724972006493
my-app,build,,1988849240253101654,0,local-cache,1724972006494,1724972006548
